EFBD80,e 
EFBD9C,t 
EFBD9F,st
EFBDA0,d 
EFBDA1,s 
EFBDA2,ri
EFBDA3,y 
EFBDA4,ti
EFBDA5,r 
EFBDA6,it
EFBDA7,is
EFBDA8,ll
EFBDA9, t
EFBDAA,l 
EFBDAB,n 
EFBDAC,li
EFBDAD,) 
EFBDAE, s
EFBDAF,si
EFBDB0, I
EFBDB1, f
EFBDB2,a 
EFBDB3,il
EFBDB4,f 
EFBDB5,tr
EFBDB6,, 
EFBDB7,'s
EFBDB8,ul
EFBDB9,ig
EFBDBA, i
EFBDBB,o 
EFBDBC,ir
EFBDBD,k)
EFBDBE,5 
EFBDBF,t.
EFBE80,ki
EFBE81,0 
EFBE82,tt
EFBE83,m 
EFBE84,s.
EFBE85,fi
EFBE86,It
EFBE87, r
EFBE88,c 
EFBE89,ts
EFBE8A,ui
EFBE8B,rl
EFBE8C,rt
EFBE8D,h 
EFBE8E,6 
EFBE8F,. 
EFBE90,if
EFBE91,8 
EFBE92,2 
EFBE93,w 
EFBE94,fr
EFBE95, l
EFBE96,lt
EFBE97,g.
EFBE98,% 
EFBE99,iz
EFBE9A,e,
EFBE9B,3 
EFBF8A,gi
EFBF8B,tl
EFBF8C,rf
EFBF8D,r.
EFBF8E,ik
EFBF8F,o'
EFBF90,rr
EFBF91,l.
EFBF92,F 
EFBF93,9 
EFBF94,7 
EFBF95,lu
EFBF96,e'
EFBF97,4 
EFBF98,t'
EFBF99,p 
EFBF9A,ft
EFBF9B,II
EFBF9C,A 
EFBF9D, J
EFBF9E,s,
EFBF9F,rs
EFBFA0,kl
EFBFA1,..
EFBFA2,n,
EFBFA3,i 
EFBFA4,T 
EFBFA5,1 
EFBFA6,t,
EFBFA7,r'
EFBFA8,n'
EFBFA9,Ir
EFBFAA,zl
EFBFAB,tf
EFBFAC,fl
EFBFAD,zi
EFBFAE,y,
EDBC80,in
EDBC81,ie
EDBC82,le
EDBC83,ld
EDBC84,ol
EDBC85,di
EDBC86,g 
EDBC87,al
EDBC88,el
EDBC89,iv
EDBC8A,ic
EDBC8B,hi
EDBC8C,ur
EDBC8D,la
EDBC8E,id
EDBC8F,ci
EDBC90,ss
EDBC91,e.
EDBC92,ai
EDBC93,tu
EDBC94,ly
EDBC95,ni
EDBC96,In
EDBC97,io
EDBC98,ia
EDBC99,rk
EDBC9A,lo
EDBC9B,ff
EDBC9C,pl
EDBC9D,ut
EDBC9E,ru
EDBC9F, g
EDBCA0,rg
EDBCA1,bl
EDBCA2,n.
EDBCA3,vi
EDBCA4,pi
EDBCA5,k 
EDBCA6,Bl
EDBCA7,y.
EDBCA8,d.
EDBCA9,oi
EDBCAA,Pl
EDBCAB,ju
EDBCAC,ei
EDBCAD,Sl
EDBCAE,Ti
EDBCAF,Si
EDBCB0,ip
EDBCB1,Li
EDBCB2,11
EDBCB3,u 
EDBCB4,lv
EDBCB5, k
EDBCB6,ib
EDBCB7,dl
EDBCB8,xi
EDBCB9, u
EDBCBA,h.
EDBCBB,cl
EDBCBC,a.
EDBCBD,Fi
EDBCBE,o.
EDBCBF,kr
EDBD80,Pi
EDBD81,p.
EDBD82,nl
EDBD83,hl
EDBD84,LI
EDBD85,IF
EDBD86,uj
EDBD87,sf
EDBD88,n)
EDBD89,ix
EDBD8A, (
EDBD8B,lp
EDBD8C,iq
EDBD8D,gr
EDBD8E,Ul
EDBD8F,IT
EDBD90,Bi
EDBD91,7'
EDBD92,6'
EDBD93,y!
EDBD94,vl
EDBD95,p!
EDBD96,lc
EDBD97,lb
EDBD98,gt
EDBD99,e!
EDBD9A,c.
EDBD9B,bi
EDBD9C,b.
EDBD9D,L.
EDBD9E,Ia
EDBD9F,Fl
EDBDA0,El
EDBDA1,E.
